Message/DistributionOrder/DistributionOrderId,Message/DistributionOrder/LineItem/IsHazmat
DOCD00140,TRUE
DOCD00141,FALSE
DOCD00142,TRUE
DOCD00143,FALSE
DOCD00144,TRUE
DOCD00145,FALSE
DOCD00146,TRUE
DOCD00147,FALSE
DOCD00148,TRUE
DOCD00149,FALSE
DOCD00150,TRUE
DOCD00151,FALSE
DOCD00152,TRUE
DOCD00153,FALSE
DOCD00154,TRUE
DOCD00155,FALSE
DOCD00156,FALSE
DOCD00157,FALSE
DOCD00158,TRUE
DOCD00159,FALSE
DOCD00160,TRUE
DOCD00161,TRUE
DOCD00162,FALSE
DOCD00163,TRUE
DOCD00164,FALSE
DOCD00165,TRUE
DOCD00166,FALSE
DOCD00167,TRUE
DOCD00168,FALSE
DOCD00169,TRUE
DOCD00170,FALSE
DOCD00171,TRUE
DOCD00172,FALSE
DOCD00173,TRUE
DOCD00174,FALSE
DOCD00175,TRUE
DOCD00176,FALSE
DOCD00177,FALSE
DOCD00178,FALSE
DOCD00179,TRUE
DOCD00180,FALSE
DOCD00181,TRUE
DOCD00182,TRUE
DOCD00183,FALSE
DOCD00184,TRUE
DOCD00185,FALSE
DOCD00186,TRUE
DOCD00187,FALSE
DOCD00188,TRUE
DOCD00189,FALSE
DOCD00190,TRUE
DOCD00191,FALSE
DOCD00192,TRUE
DOCD00193,FALSE
DOCD00194,TRUE
DOCD00195,FALSE
DOCD00196,TRUE
DOCD00197,FALSE
DOCD00198,FALSE
DOCD00199,FALSE
DOCD00200,TRUE
DOCD00201,FALSE
DOCD00202,TRUE
DOCD00203,TRUE
DOCD00204,FALSE
DOCD00205,TRUE
DOCD00206,FALSE
DOCD00207,TRUE
DOCD00208,FALSE
DOCD00209,TRUE
DOCD00210,FALSE
DOCD00211,TRUE
DOCD00212,FALSE
DOCD00213,TRUE
DOCD00214,FALSE
DOCD00215,TRUE
DOCD00216,FALSE
DOCD00217,TRUE
DOCD00218,FALSE
DOCD00219,FALSE
DOCD00220,FALSE
DOCD00221,TRUE
DOCD00222,FALSE
DOCD00223,TRUE
DOCD00224,TRUE
DOCD00225,FALSE
DOCD00226,TRUE
DOCD00227,FALSE
DOCD00228,TRUE
DOCD00229,FALSE
DOCD00230,TRUE
DOCD00231,FALSE
DOCD00232,TRUE
DOCD00233,FALSE
DOCD00234,TRUE
DOCD00235,FALSE
DOCD00236,TRUE
DOCD00237,FALSE
DOCD00238,TRUE
DOCD00239,FALSE
DOCD00240,FALSE
DOCD00241,FALSE
DOCD00242,TRUE
DOCD00243,FALSE
DOCD00244,TRUE
DOCD00245,TRUE
DOCD00246,FALSE
DOCD00247,TRUE
DOCD00248,FALSE
DOCD00249,TRUE
DOCD00250,FALSE
DOCD00251,TRUE
DOCD00252,FALSE
DOCD00253,TRUE
DOCD00254,FALSE
DOCD00255,TRUE
DOCD00256,FALSE
DOCD00257,TRUE
DOCD00258,FALSE
DOCD00259,TRUE
DOCD00260,FALSE
DOCD00261,FALSE
DOCD00262,FALSE
DOCD00263,TRUE
DOCD00264,FALSE
DOCD00265,TRUE
DOCD00266,TRUE
DOCD00267,FALSE
DOCD00268,TRUE
DOCD00269,FALSE
DOCD00270,TRUE
DOCD00271,FALSE
DOCD00272,TRUE
DOCD00273,FALSE
DOCD00274,TRUE
DOCD00275,FALSE
DOCD00276,TRUE
DOCD00277,FALSE
DOCD00278,TRUE
DOCD00279,FALSE
DOCD00280,TRUE
DOCD00281,FALSE
DOCD00282,FALSE
DOCD00283,FALSE
DOCD00284,TRUE
DOCD00285,FALSE
DOCD00286,TRUE
DOCD00287,TRUE
DOCD00288,FALSE
DOCD00289,TRUE
DOCD00290,FALSE
DOCD00291,TRUE
DOCD00292,FALSE
DOCD00293,TRUE
DOCD00294,FALSE
DOCD00295,TRUE
DOCD00296,FALSE
DOCD00297,TRUE
DOCD00298,FALSE
DOCD00299,TRUE
DOCD00300,FALSE
DOCD00301,TRUE
DOCD00302,FALSE
DOCD00303,FALSE
DOCD00304,FALSE
DOCD00305,TRUE
DOCD00306,FALSE
DOCD00307,TRUE
DOCD00308,TRUE
DOCD00309,FALSE
DOCD00310,TRUE
DOCD00311,FALSE
DOCD00312,TRUE
DOCD00313,FALSE
DOCD00314,TRUE
DOCD00315,FALSE
DOCD00316,TRUE
DOCD00317,FALSE
DOCD00318,TRUE
DOCD00319,FALSE
DOCD00320,TRUE
DOCD00321,FALSE
DOCD00322,TRUE
DOCD00323,FALSE
DOCD00324,FALSE
DOCD00325,FALSE
DOCD00326,TRUE
DOCD00327,FALSE
DOCD00328,TRUE
DOCD00329,TRUE
DOCD00330,FALSE
DOCD00331,TRUE
DOCD00332,FALSE
DOCD00333,TRUE
DOCD00334,FALSE
DOCD00335,TRUE
DOCD00336,FALSE
DOCD00337,TRUE
DOCD00338,FALSE
DOCD00339,TRUE
DOCD00340,FALSE
DOCD00341,TRUE
DOCD00342,FALSE
DOCD00343,TRUE
DOCD00344,FALSE
DOCD00345,FALSE
DOCD00346,FALSE
DOCD00347,TRUE
DOCD00348,FALSE
DOCD00349,TRUE
DOCD00350,TRUE
DOCD00351,FALSE
DOCD00352,TRUE
DOCD00353,FALSE
DOCD00354,TRUE
DOCD00355,FALSE
DOCD00356,TRUE
DOCD00357,FALSE
DOCD00358,TRUE
DOCD00359,FALSE
DOCD00360,TRUE
DOCD00361,FALSE
DOCD00362,TRUE
DOCD00363,FALSE
DOCD00364,TRUE
DOCD00365,FALSE
DOCD00366,FALSE
DOCD00367,FALSE
DOCD00368,TRUE
DOCD00369,FALSE
DOCD00370,TRUE
DOCD00371,TRUE
DOCD00372,FALSE
DOCD00373,TRUE
DOCD00374,FALSE
DOCD00375,TRUE
DOCD00376,FALSE
DOCD00377,TRUE
DOCD00378,FALSE
DOCD00379,TRUE
DOCD00380,FALSE
DOCD00381,TRUE
DOCD00382,FALSE
DOCD00383,TRUE
DOCD00384,FALSE
DOCD00385,TRUE
DOCD00386,FALSE
DOCD00387,FALSE
DOCD00388,FALSE
DOCD00389,TRUE
DOCD00390,FALSE
DOCD00391,TRUE
DOCD00392,TRUE
DOCD00393,FALSE
DOCD00394,TRUE
DOCD00395,FALSE
DOCD00396,TRUE
DOCD00397,FALSE
DOCD00398,TRUE
DOCD00399,FALSE
DOCD00400,TRUE
DOCD00401,FALSE
DOCD00402,TRUE
DOCD00403,FALSE
DOCD00404,TRUE
DOCD00405,FALSE
DOCD00406,TRUE
DOCD00407,FALSE
DOCD00408,FALSE
DOCD00409,FALSE
DOCD00410,TRUE
DOCD00411,FALSE
DOCD00412,TRUE
DOCD00413,TRUE
DOCD00414,FALSE
DOCD00415,TRUE
DOCD00416,FALSE
DOCD00417,TRUE
DOCD00418,FALSE
DOCD00419,TRUE
DOCD00420,FALSE
DOCD00421,TRUE
DOCD00422,FALSE
DOCD00423,TRUE
DOCD00424,FALSE
DOCD00425,TRUE
DOCD00426,FALSE
DOCD00427,TRUE
DOCD00428,FALSE
DOCD00429,FALSE
DOCD00430,FALSE
DOCD00431,TRUE
DOCD00432,FALSE
DOCD00433,TRUE
DOCD00434,TRUE
DOCD00435,FALSE
DOCD00436,TRUE
DOCD00437,FALSE
DOCD00438,TRUE
DOCD00439,FALSE
DOCD00440,TRUE
DOCD00441,FALSE
DOCD00442,TRUE
DOCD00443,FALSE
DOCD00444,TRUE
DOCD00445,FALSE
DOCD00446,TRUE
DOCD00447,FALSE
DOCD00448,TRUE
DOCD00449,FALSE
DOCD00450,FALSE
DOCD00451,FALSE
DOCD00452,TRUE
DOCD00453,FALSE
DOCD00454,TRUE
DOCD00455,TRUE
DOCD00456,FALSE
DOCD00457,TRUE
DOCD00458,FALSE
DOCD00459,TRUE
DOCD00460,FALSE
DOCD00461,TRUE
DOCD00462,FALSE
DOCD00463,TRUE
DOCD00464,FALSE
DOCD00465,TRUE
DOCD00466,FALSE
DOCD00467,TRUE
DOCD00468,FALSE
DOCD00469,TRUE
DOCD00470,FALSE
DOCD00471,FALSE
DOCD00472,FALSE
DOCD00473,TRUE
DOCD00474,FALSE
DOCD00475,TRUE
DOCD00476,TRUE
DOCD00477,FALSE
DOCD00478,TRUE
DOCD00479,FALSE
DOCD00480,TRUE
DOCD00481,FALSE
DOCD00482,TRUE
DOCD00483,FALSE
DOCD00484,TRUE
DOCD00485,FALSE
DOCD00486,TRUE
DOCD00487,FALSE
DOCD00488,TRUE
DOCD00489,FALSE
DOCD00490,TRUE
DOCD00491,FALSE
DOCD00492,FALSE
DOCD00493,FALSE
DOCD00494,TRUE
DOCD00495,FALSE
DOCD00496,TRUE
DOCD00497,TRUE
DOCD00498,FALSE
DOCD00499,TRUE
DOCD00500,FALSE
DOCD00501,TRUE
DOCD00502,FALSE
DOCD00503,TRUE
DOCD00504,FALSE
DOCD00505,TRUE
DOCD00506,FALSE
DOCD00507,TRUE
DOCD00508,FALSE
DOCD00509,TRUE
DOCD00510,FALSE
DOCD00511,TRUE
DOCD00512,FALSE
DOCD00513,FALSE
DOCD00514,FALSE
DOCD00515,TRUE
DOCD00516,FALSE
DOCD00517,TRUE
DOCD00518,TRUE
DOCD00519,FALSE
DOCD00520,TRUE
DOCD00521,FALSE
DOCD00522,TRUE
DOCD00523,FALSE
DOCD00524,TRUE
DOCD00525,FALSE
DOCD00526,TRUE
DOCD00527,FALSE
DOCD00528,TRUE
DOCD00529,FALSE
DOCD00530,TRUE
DOCD00531,FALSE
DOCD00532,TRUE
DOCD00533,FALSE
DOCD00534,FALSE
DOCD00535,FALSE
DOCD00536,TRUE
DOCD00537,FALSE
DOCD00538,TRUE
DOCD00539,TRUE
DOCD00540,FALSE
DOCD00541,TRUE
DOCD00542,FALSE
DOCD00543,TRUE
DOCD00544,FALSE
DOCD00545,TRUE
DOCD00546,FALSE
DOCD00547,TRUE
DOCD00548,FALSE
DOCD00549,TRUE
DOCD00550,FALSE
DOCD00551,TRUE
DOCD00552,FALSE
DOCD00553,TRUE
DOCD00554,FALSE
DOCD00555,FALSE
DOCD00556,FALSE
DOCD00557,TRUE
DOCD00558,FALSE
DOCD00559,TRUE
DOCD00560,TRUE
DOCD00561,FALSE
DOCD00562,TRUE
DOCD00563,FALSE
DOCD00564,TRUE
DOCD00565,FALSE
DOCD00566,TRUE
DOCD00567,FALSE
DOCD00568,TRUE
DOCD00569,FALSE
DOCD00570,TRUE
DOCD00571,FALSE
DOCD00572,TRUE
DOCD00573,FALSE
DOCD00574,TRUE
DOCD00575,FALSE
DOCD00576,FALSE
DOCD00577,FALSE
DOCD00578,TRUE
DOCD00579,FALSE
DOCD00580,TRUE
DOCD00581,TRUE
DOCD00582,FALSE
DOCD00583,TRUE
DOCD00584,FALSE
DOCD00585,TRUE
DOCD00586,FALSE
DOCD00587,TRUE
DOCD00588,FALSE
DOCD00589,TRUE
DOCD00590,FALSE
DOCD00591,TRUE
DOCD00592,FALSE
DOCD00593,TRUE
DOCD00594,FALSE
DOCD00595,TRUE
DOCD00596,FALSE
DOCD00597,FALSE
DOCD00598,FALSE
DOCD00599,TRUE
DOCD00600,FALSE
DOCD00601,TRUE
DOCD00602,TRUE
DOCD00603,FALSE
DOCD00604,TRUE
DOCD00605,FALSE
DOCD00606,TRUE
DOCD00607,FALSE
DOCD00608,TRUE
DOCD00609,FALSE
DOCD00610,TRUE
DOCD00611,FALSE
DOCD00612,TRUE
DOCD00613,FALSE
DOCD00614,TRUE
DOCD00615,FALSE
DOCD00616,TRUE
DOCD00617,FALSE
DOCD00618,FALSE
DOCD00619,FALSE
DOCD00620,TRUE
DOCD00621,FALSE
DOCD00622,TRUE
DOCD00623,TRUE
DOCD00624,FALSE
DOCD00625,TRUE
DOCD00626,FALSE
DOCD00627,TRUE
DOCD00628,FALSE
DOCD00629,TRUE
DOCD00630,FALSE
DOCD00631,TRUE
DOCD00632,FALSE
DOCD00633,TRUE
DOCD00634,FALSE
DOCD00635,TRUE
DOCD00636,FALSE
DOCD00637,TRUE
DOCD00638,FALSE
DOCD00639,FALSE
DOCD00640,FALSE
DOCD00641,TRUE
DOCD00642,FALSE
DOCD00643,TRUE
DOCD00644,TRUE
DOCD00645,FALSE
DOCD00646,TRUE
DOCD00647,FALSE
DOCD00648,TRUE
DOCD00649,FALSE
DOCD00650,TRUE
DOCD00651,FALSE
DOCD00652,TRUE
DOCD00653,FALSE
DOCD00654,TRUE
DOCD00655,FALSE
DOCD00656,TRUE
DOCD00657,FALSE
DOCD00658,TRUE
DOCD00659,FALSE
DOCD00660,FALSE
DOCD00661,FALSE
DOCD00662,TRUE
DOCD00663,FALSE
DOCD00664,TRUE
DOCD00665,TRUE
DOCD00666,FALSE
DOCD00667,TRUE
DOCD00668,FALSE
DOCD00669,TRUE
DOCD00670,FALSE
DOCD00671,TRUE
DOCD00672,FALSE
DOCD00673,TRUE
DOCD00674,FALSE
DOCD00675,TRUE
DOCD00676,FALSE
DOCD00677,TRUE
DOCD00678,FALSE
DOCD00679,TRUE
DOCD00680,FALSE
DOCD00681,FALSE
DOCD00682,FALSE
DOCD00683,TRUE
DOCD00684,FALSE
DOCD00685,TRUE
DOCD00686,TRUE
DOCD00687,FALSE
DOCD00688,TRUE
DOCD00689,FALSE
DOCD00690,TRUE
DOCD00691,FALSE
DOCD00692,TRUE
DOCD00693,FALSE
DOCD00694,TRUE
DOCD00695,FALSE
DOCD00696,TRUE
DOCD00697,FALSE
DOCD00698,TRUE
DOCD00699,FALSE
DOCD00700,TRUE
DOCD00701,FALSE
DOCD00702,FALSE
DOCD00703,FALSE
DOCD00704,TRUE
DOCD00705,FALSE
DOCD00706,TRUE
DOCD00707,TRUE
DOCD00708,FALSE
DOCD00709,TRUE
DOCD00710,FALSE
DOCD00711,TRUE
DOCD00712,FALSE
DOCD00713,TRUE
DOCD00714,FALSE
DOCD00715,TRUE
DOCD00716,FALSE
DOCD00717,TRUE
DOCD00718,FALSE
DOCD00719,TRUE
DOCD00720,FALSE
DOCD00721,TRUE
DOCD00722,FALSE
DOCD00723,FALSE
DOCD00724,FALSE
DOCD00725,TRUE
DOCD00726,FALSE
DOCD00727,TRUE
DOCD00728,TRUE
DOCD00729,FALSE
DOCD00730,TRUE
DOCD00731,FALSE
DOCD00732,TRUE
DOCD00733,FALSE
DOCD00734,TRUE
DOCD00735,FALSE
DOCD00736,TRUE
DOCD00737,FALSE
DOCD00738,TRUE
DOCD00739,FALSE
DOCD00740,TRUE
DOCD00741,FALSE
DOCD00742,TRUE
DOCD00743,FALSE
DOCD00744,FALSE
DOCD00745,FALSE
DOCD00746,TRUE
DOCD00747,FALSE
DOCD00748,TRUE
DOCD00749,TRUE
DOCD00750,FALSE
DOCD00751,TRUE
DOCD00752,FALSE
DOCD00753,TRUE
DOCD00754,FALSE
DOCD00755,TRUE
DOCD00756,FALSE
DOCD00757,TRUE
DOCD00758,FALSE
DOCD00759,TRUE
DOCD00760,FALSE
DOCD00761,TRUE
DOCD00762,FALSE
DOCD00763,TRUE
DOCD00764,FALSE
DOCD00765,FALSE
DOCD00766,FALSE
DOCD00767,TRUE
DOCD00768,FALSE
DOCD00769,TRUE
DOCD00770,TRUE
DOCD00771,FALSE
DOCD00772,TRUE
DOCD00773,FALSE
DOCD00774,TRUE
DOCD00775,FALSE
DOCD00776,TRUE
DOCD00777,FALSE
DOCD00778,TRUE
DOCD00779,FALSE
DOCD00780,TRUE
DOCD00781,FALSE
DOCD00782,TRUE
DOCD00783,FALSE
DOCD00784,TRUE
DOCD00785,FALSE
DOCD00786,FALSE
DOCD00787,FALSE
DOCD00788,TRUE
DOCD00789,FALSE
DOCD00790,TRUE
DOCD00791,TRUE
DOCD00792,FALSE
DOCD00793,TRUE
DOCD00794,FALSE
DOCD00795,TRUE
DOCD00796,FALSE
DOCD00797,TRUE
DOCD00798,FALSE
DOCD00799,TRUE
DOCD00800,FALSE
DOCD00801,TRUE
DOCD00802,FALSE
DOCD00803,TRUE
DOCD00804,FALSE
DOCD00805,TRUE
DOCD00806,FALSE
DOCD00807,FALSE
DOCD00808,FALSE
DOCD00809,TRUE
DOCD00810,FALSE
DOCD00811,TRUE
DOCD00812,TRUE
DOCD00813,FALSE
DOCD00814,TRUE
DOCD00815,FALSE
DOCD00816,TRUE
DOCD00817,FALSE
DOCD00818,TRUE
DOCD00819,FALSE
DOCD00820,TRUE
DOCD00821,FALSE
DOCD00822,TRUE
DOCD00823,FALSE
DOCD00824,TRUE
DOCD00825,FALSE
DOCD00826,TRUE
DOCD00827,FALSE
DOCD00828,FALSE
DOCD00829,FALSE
DOCD00830,TRUE
DOCD00831,FALSE
DOCD00832,TRUE
DOCD00833,TRUE
DOCD00834,FALSE
DOCD00835,TRUE
DOCD00836,FALSE
DOCD00837,TRUE
DOCD00838,FALSE
DOCD00839,TRUE
DOCD00840,FALSE
DOCD00841,TRUE
DOCD00842,FALSE
DOCD00843,TRUE
DOCD00844,FALSE
DOCD00845,TRUE
DOCD00846,FALSE
DOCD00847,TRUE
DOCD00848,FALSE
DOCD00849,FALSE
DOCD00850,FALSE
DOCD00851,TRUE
DOCD00852,FALSE
DOCD00853,TRUE
DOCD00854,TRUE
DOCD00855,FALSE
DOCD00856,TRUE
DOCD00857,FALSE
DOCD00858,TRUE
DOCD00859,FALSE
DOCD00860,TRUE
DOCD00861,FALSE
DOCD00862,TRUE
DOCD00863,FALSE
DOCD00864,TRUE
DOCD00865,FALSE
DOCD00866,TRUE
DOCD00867,FALSE
DOCD00868,TRUE
DOCD00869,FALSE
DOCD00870,FALSE
DOCD00871,FALSE
DOCD00872,TRUE
DOCD00873,FALSE
DOCD00874,TRUE
DOCD00875,TRUE
DOCD00876,FALSE
DOCD00877,TRUE
DOCD00878,FALSE
DOCD00879,TRUE
DOCD00880,FALSE
DOCD00881,TRUE
DOCD00882,FALSE
DOCD00883,TRUE
DOCD00884,FALSE
DOCD00885,TRUE
DOCD00886,FALSE
DOCD00887,TRUE
DOCD00888,FALSE
DOCD00889,TRUE
DOCD00890,FALSE
DOCD00891,FALSE
DOCD00892,FALSE
DOCD00893,TRUE
DOCD00894,FALSE
DOCD00895,TRUE
DOCD00896,TRUE
DOCD00897,FALSE
DOCD00898,TRUE
DOCD00899,FALSE
DOCD00900,TRUE
DOCD00901,FALSE
DOCD00902,TRUE
DOCD00903,FALSE
DOCD00904,TRUE
DOCD00905,FALSE
DOCD00906,TRUE
DOCD00907,FALSE
DOCD00908,TRUE
DOCD00909,FALSE
DOCD00910,TRUE
DOCD00911,FALSE
DOCD00912,FALSE
DOCD00913,FALSE
DOCD00914,TRUE
DOCD00915,FALSE
DOCD00916,TRUE
DOCD00917,TRUE
DOCD00918,FALSE
DOCD00919,TRUE
DOCD00920,FALSE
DOCD00921,TRUE
DOCD00922,FALSE
DOCD00923,TRUE
DOCD00924,FALSE
DOCD00925,TRUE
DOCD00926,FALSE
DOCD00927,TRUE
DOCD00928,FALSE
DOCD00929,TRUE
DOCD00930,FALSE
DOCD00931,TRUE
DOCD00932,FALSE
DOCD00933,FALSE
DOCD00934,FALSE
DOCD00935,TRUE
DOCD00936,FALSE
DOCD00937,TRUE
DOCD00938,TRUE
DOCD00939,FALSE
DOCD00940,TRUE
DOCD00941,FALSE
DOCD00942,TRUE
DOCD00943,FALSE
DOCD00944,TRUE
DOCD00945,FALSE
DOCD00946,TRUE
DOCD00947,FALSE
DOCD00948,TRUE
DOCD00949,FALSE
DOCD00950,TRUE
DOCD00951,FALSE
DOCD00952,TRUE
DOCD00953,FALSE
DOCD00954,FALSE
DOCD00955,FALSE
DOCD00956,TRUE
DOCD00957,FALSE
DOCD00958,TRUE
DOCD00959,TRUE
DOCD00960,FALSE
DOCD00961,TRUE
DOCD00962,FALSE
DOCD00963,TRUE
DOCD00964,FALSE
DOCD00965,TRUE
DOCD00966,FALSE
DOCD00967,TRUE
DOCD00968,FALSE
DOCD00969,TRUE
DOCD00970,FALSE
DOCD00971,TRUE
DOCD00972,FALSE
DOCD00973,TRUE
DOCD00974,FALSE
DOCD00975,FALSE
DOCD00976,FALSE
DOCD00977,TRUE
DOCD00978,FALSE
DOCD00979,TRUE
DOCD00980,TRUE
DOCD00981,FALSE
DOCD00982,TRUE
DOCD00983,FALSE
DOCD00984,TRUE
DOCD00985,FALSE
DOCD00986,TRUE
DOCD00987,FALSE
DOCD00988,TRUE
DOCD00989,FALSE
DOCD00990,TRUE
DOCD00991,FALSE
DOCD00992,TRUE
DOCD00993,FALSE
DOCD00994,TRUE
DOCD00995,FALSE
DOCD00996,FALSE
DOCD00997,FALSE
DOCD00998,TRUE
DOCD00999,FALSE
DOCD01000,TRUE
DOCD01001,TRUE
DOCD01002,FALSE
DOCD01003,TRUE
DOCD01004,FALSE
DOCD01005,TRUE
DOCD01006,FALSE
DOCD01007,TRUE
DOCD01008,FALSE
DOCD01009,TRUE
DOCD01010,FALSE
DOCD01011,TRUE
DOCD01012,FALSE
DOCD01013,TRUE
DOCD01014,FALSE
DOCD01015,TRUE
DOCD01016,FALSE
DOCD01017,FALSE
DOCD01018,FALSE
DOCD01019,TRUE
DOCD01020,FALSE
DOCD01021,TRUE
DOCD01022,TRUE
DOCD01023,FALSE
DOCD01024,TRUE
DOCD01025,FALSE
DOCD01026,TRUE
DOCD01027,FALSE
DOCD01028,TRUE
DOCD01029,FALSE
DOCD01030,TRUE
DOCD01031,FALSE
DOCD01032,TRUE
DOCD01033,FALSE
DOCD01034,TRUE
DOCD01035,FALSE
DOCD01036,TRUE
DOCD01037,FALSE
DOCD01038,FALSE
DOCD01039,FALSE
DOCD01040,TRUE
DOCD01041,FALSE
DOCD01042,TRUE
DOCD01043,TRUE
DOCD01044,FALSE
DOCD01045,TRUE
DOCD01046,FALSE
DOCD01047,TRUE
DOCD01048,FALSE
DOCD01049,TRUE
DOCD01050,FALSE
DOCD01051,TRUE
DOCD01052,FALSE
DOCD01053,TRUE
DOCD01054,FALSE
DOCD01055,TRUE
DOCD01056,FALSE
DOCD01057,TRUE
DOCD01058,FALSE
DOCD01059,FALSE
DOCD01060,FALSE
DOCD01061,TRUE
DOCD01062,FALSE
DOCD01063,TRUE
DOCD01064,TRUE
DOCD01065,FALSE
DOCD01066,TRUE
DOCD01067,FALSE
DOCD01068,TRUE
DOCD01069,FALSE
DOCD01070,TRUE
DOCD01071,FALSE
DOCD01072,TRUE
DOCD01073,FALSE
DOCD01074,TRUE
DOCD01075,FALSE
DOCD01076,TRUE
DOCD01077,FALSE
DOCD01078,TRUE
DOCD01079,FALSE
DOCD01080,FALSE
DOCD01081,FALSE
DOCD01082,TRUE
DOCD01083,FALSE
DOCD01084,TRUE
DOCD01085,TRUE
DOCD01086,FALSE
DOCD01087,TRUE
DOCD01088,FALSE
DOCD01089,TRUE
DOCD01090,FALSE
DOCD01091,TRUE
DOCD01092,FALSE
DOCD01093,TRUE
DOCD01094,FALSE
DOCD01095,TRUE
DOCD01096,FALSE
DOCD01097,TRUE
DOCD01098,FALSE
DOCD01099,TRUE
DOCD01100,FALSE
DOCD01101,FALSE
DOCD01102,FALSE
DOCD01103,TRUE
DOCD01104,FALSE
DOCD01105,TRUE
DOCD01106,TRUE
DOCD01107,FALSE
DOCD01108,TRUE
DOCD01109,FALSE
DOCD01110,TRUE
DOCD01111,FALSE
DOCD01112,TRUE
DOCD01113,FALSE
DOCD01114,TRUE
DOCD01115,FALSE
DOCD01116,TRUE
DOCD01117,FALSE
DOCD01118,TRUE
DOCD01119,FALSE
DOCD01120,TRUE
DOCD01121,FALSE
DOCD01122,FALSE
DOCD01123,FALSE
DOCD01124,TRUE
DOCD01125,FALSE
DOCD01126,TRUE
DOCD01127,TRUE
DOCD01128,FALSE
DOCD01129,TRUE
DOCD01130,FALSE
DOCD01131,TRUE
DOCD01132,FALSE
DOCD01133,TRUE
DOCD01134,FALSE
DOCD01135,TRUE
DOCD01136,FALSE
DOCD01137,TRUE
DOCD01138,FALSE
DOCD01139,TRUE
DOCD01140,FALSE
DOCD01141,TRUE
DOCD01142,FALSE
DOCD01143,FALSE
DOCD01144,FALSE
DOCD01145,TRUE
DOCD01146,FALSE
DOCD01147,TRUE
DOCD01148,TRUE
DOCD01149,FALSE
DOCD01150,TRUE
DOCD01151,FALSE
DOCD01152,TRUE
DOCD01153,FALSE
DOCD01154,TRUE
DOCD01155,FALSE
DOCD01156,TRUE
DOCD01157,FALSE
DOCD01158,TRUE
DOCD01159,FALSE
DOCD01160,TRUE
DOCD01161,FALSE
DOCD01162,TRUE
DOCD01163,FALSE
DOCD01164,FALSE
DOCD01165,FALSE
DOCD01166,TRUE
DOCD01167,FALSE
DOCD01168,TRUE
DOCD01169,TRUE
DOCD01170,FALSE
DOCD01171,TRUE
DOCD01172,FALSE
DOCD01173,TRUE
DOCD01174,FALSE
DOCD01175,TRUE
DOCD01176,FALSE
DOCD01177,TRUE
DOCD01178,FALSE
DOCD01179,TRUE
DOCD01180,FALSE
DOCD01181,TRUE
DOCD01182,FALSE
DOCD01183,TRUE
DOCD01184,FALSE
DOCD01185,FALSE
DOCD01186,FALSE
DOCD01187,TRUE
DOCD01188,FALSE
DOCD01189,TRUE
DOCD01190,TRUE
DOCD01191,FALSE
DOCD01192,TRUE
DOCD01193,FALSE
DOCD01194,TRUE
DOCD01195,FALSE
DOCD01196,TRUE
DOCD01197,FALSE
DOCD01198,TRUE
DOCD01199,FALSE
DOCD01200,TRUE
DOCD01201,FALSE
DOCD01202,TRUE
DOCD01203,FALSE
DOCD01204,TRUE
DOCD01205,FALSE
DOCD01206,FALSE
DOCD01207,FALSE
DOCD01208,TRUE
DOCD01209,FALSE
DOCD01210,TRUE
DOCD01211,TRUE
DOCD01212,FALSE
DOCD01213,TRUE
DOCD01214,FALSE
DOCD01215,TRUE
DOCD01216,FALSE
DOCD01217,TRUE
DOCD01218,FALSE
DOCD01219,TRUE
DOCD01220,FALSE
DOCD01221,TRUE
DOCD01222,FALSE
DOCD01223,TRUE
DOCD01224,FALSE
DOCD01225,TRUE
DOCD01226,FALSE
DOCD01227,FALSE
DOCD01228,FALSE
DOCD01229,TRUE
DOCD01230,FALSE
DOCD01231,TRUE
DOCD01232,TRUE
DOCD01233,FALSE
DOCD01234,TRUE
DOCD01235,FALSE
DOCD01236,TRUE
DOCD01237,FALSE
DOCD01238,TRUE
DOCD01239,FALSE
DOCD01240,TRUE
DOCD01241,FALSE
DOCD01242,TRUE
DOCD01243,FALSE
DOCD01244,TRUE
DOCD01245,FALSE
DOCD01246,TRUE
DOCD01247,FALSE
DOCD01248,FALSE
DOCD01249,FALSE
DOCD01250,TRUE
DOCD01251,FALSE
DOCD01252,TRUE
DOCD01253,TRUE
DOCD01254,FALSE
DOCD01255,TRUE
DOCD01256,FALSE
DOCD01257,TRUE
DOCD01258,FALSE
DOCD01259,TRUE
DOCD01260,FALSE
DOCD01261,TRUE
DOCD01262,FALSE
DOCD01263,TRUE
DOCD01264,FALSE
DOCD01265,TRUE
DOCD01266,FALSE
DOCD01267,TRUE
DOCD01268,FALSE
DOCD01269,FALSE
DOCD01270,FALSE
DOCD01271,TRUE
DOCD01272,FALSE
DOCD01273,TRUE
DOCD01274,TRUE
DOCD01275,FALSE
DOCD01276,TRUE
DOCD01277,FALSE
DOCD01278,TRUE
DOCD01279,FALSE
DOCD01280,TRUE
DOCD01281,FALSE
DOCD01282,TRUE
DOCD01283,FALSE
DOCD01284,TRUE
DOCD01285,FALSE
DOCD01286,TRUE
DOCD01287,FALSE
DOCD01288,TRUE
DOCD01289,FALSE
DOCD01290,FALSE
DOCD01291,FALSE
DOCD01292,TRUE
DOCD01293,FALSE
DOCD01294,TRUE
DOCD01295,TRUE
DOCD01296,FALSE
DOCD01297,TRUE
DOCD01298,FALSE
DOCD01299,TRUE
DOCD01300,FALSE
DOCD01301,TRUE
DOCD01302,FALSE
DOCD01303,TRUE
DOCD01304,FALSE
DOCD01305,TRUE
DOCD01306,FALSE
DOCD01307,TRUE
DOCD01308,FALSE
DOCD01309,TRUE
DOCD01310,FALSE
DOCD01311,FALSE
DOCD01312,FALSE
DOCD01313,TRUE
DOCD01314,FALSE
DOCD01315,TRUE
DOCD01316,TRUE
DOCD01317,FALSE
DOCD01318,TRUE
DOCD01319,FALSE
DOCD01320,TRUE
DOCD01321,FALSE
DOCD01322,TRUE
DOCD01323,FALSE
DOCD01324,TRUE
DOCD01325,FALSE
DOCD01326,TRUE
DOCD01327,FALSE
DOCD01328,TRUE
DOCD01329,FALSE
DOCD01330,TRUE
DOCD01331,FALSE
DOCD01332,FALSE
DOCD01333,FALSE
DOCD01334,TRUE
DOCD01335,FALSE
DOCD01336,TRUE
DOCD01337,TRUE
DOCD01338,FALSE
DOCD01339,TRUE
DOCD01340,FALSE
DOCD01341,TRUE
DOCD01342,FALSE
DOCD01343,TRUE
DOCD01344,FALSE
DOCD01345,TRUE
DOCD01346,FALSE
DOCD01347,TRUE
DOCD01348,FALSE
DOCD01349,TRUE
DOCD01350,FALSE
DOCD01351,TRUE
DOCD01352,FALSE
DOCD01353,FALSE
DOCD01354,FALSE
DOCD01355,TRUE
DOCD01356,FALSE
DOCD01357,TRUE
DOCD01358,TRUE
DOCD01359,FALSE
DOCD01360,TRUE
DOCD01361,FALSE
DOCD01362,TRUE
DOCD01363,FALSE
DOCD01364,TRUE
DOCD01365,FALSE
DOCD01366,TRUE
DOCD01367,FALSE
DOCD01368,TRUE
DOCD01369,FALSE
DOCD01370,TRUE
DOCD01371,FALSE
DOCD01372,TRUE
DOCD01373,FALSE
DOCD01374,FALSE
DOCD01375,FALSE
DOCD01376,TRUE
DOCD01377,FALSE
DOCD01378,TRUE
DOCD01379,TRUE
DOCD01380,FALSE
DOCD01381,TRUE
DOCD01382,FALSE
DOCD01383,TRUE
DOCD01384,FALSE
DOCD01385,TRUE
DOCD01386,FALSE
DOCD01387,TRUE
DOCD01388,FALSE
DOCD01389,TRUE
DOCD01390,FALSE
DOCD01391,TRUE
DOCD01392,FALSE
DOCD01393,TRUE
DOCD01394,FALSE
DOCD01395,FALSE
DOCD01396,FALSE
DOCD01397,TRUE
DOCD01398,FALSE
DOCD01399,TRUE
DOCD01400,TRUE
DOCD01401,FALSE
DOCD01402,TRUE
DOCD01403,FALSE
DOCD01404,TRUE
DOCD01405,FALSE
DOCD01406,TRUE
DOCD01407,FALSE
DOCD01408,TRUE
DOCD01409,FALSE
DOCD01410,TRUE
DOCD01411,FALSE
DOCD01412,TRUE
DOCD01413,FALSE
DOCD01414,TRUE
DOCD01415,FALSE
DOCD01416,FALSE
DOCD01417,FALSE
DOCD01418,TRUE
DOCD01419,FALSE
DOCD01420,TRUE
DOCD01421,TRUE
DOCD01422,FALSE
DOCD01423,TRUE
DOCD01424,FALSE
DOCD01425,TRUE
DOCD01426,FALSE
DOCD01427,TRUE
DOCD01428,FALSE
DOCD01429,TRUE
DOCD01430,FALSE
DOCD01431,TRUE
DOCD01432,FALSE
DOCD01433,TRUE
DOCD01434,FALSE
DOCD01435,TRUE
DOCD01436,FALSE
DOCD01437,FALSE
DOCD01438,FALSE
DOCD01439,TRUE
DOCD01440,FALSE
DOCD01441,TRUE
DOCD01442,TRUE
DOCD01443,FALSE
DOCD01444,TRUE
DOCD01445,FALSE
DOCD01446,TRUE
DOCD01447,FALSE
DOCD01448,TRUE
DOCD01449,FALSE
DOCD01450,TRUE
DOCD01451,FALSE
DOCD01452,TRUE
DOCD01453,FALSE
DOCD01454,TRUE
DOCD01455,FALSE
DOCD01456,TRUE
DOCD01457,FALSE
DOCD01458,FALSE
DOCD01459,FALSE
DOCD01460,TRUE
DOCD01461,FALSE
DOCD01462,TRUE
DOCD01463,TRUE
DOCD01464,FALSE
DOCD01465,TRUE
DOCD01466,FALSE
DOCD01467,TRUE
DOCD01468,FALSE
DOCD01469,TRUE
DOCD01470,FALSE
DOCD01471,TRUE
DOCD01472,FALSE
DOCD01473,TRUE
DOCD01474,FALSE
DOCD01475,TRUE
DOCD01476,FALSE
DOCD01477,TRUE
DOCD01478,FALSE
DOCD01479,FALSE
DOCD01480,FALSE
DOCD01481,TRUE
DOCD01482,FALSE
DOCD01483,TRUE
DOCD01484,TRUE
DOCD01485,FALSE
DOCD01486,TRUE
DOCD01487,FALSE
DOCD01488,TRUE
DOCD01489,FALSE
DOCD01490,TRUE
DOCD01491,FALSE
DOCD01492,TRUE
DOCD01493,FALSE
DOCD01494,TRUE
DOCD01495,FALSE
DOCD01496,TRUE
DOCD01497,FALSE
DOCD01498,TRUE
DOCD01499,FALSE
DOCD01500,FALSE
DOCD01501,FALSE
DOCD01502,TRUE
DOCD01503,FALSE
DOCD01504,TRUE
DOCD01505,TRUE
DOCD01506,FALSE
DOCD01507,TRUE
DOCD01508,FALSE
DOCD01509,TRUE
DOCD01510,FALSE
DOCD01511,TRUE
DOCD01512,FALSE
DOCD01513,TRUE
DOCD01514,FALSE
DOCD01515,TRUE
DOCD01516,FALSE
DOCD01517,TRUE
DOCD01518,FALSE
DOCD01519,TRUE
DOCD01520,FALSE
DOCD01521,FALSE
DOCD01522,FALSE
DOCD01523,TRUE
DOCD01524,FALSE
DOCD01525,TRUE
DOCD01526,TRUE
DOCD01527,FALSE
DOCD01528,TRUE
DOCD01529,FALSE
DOCD01530,TRUE
DOCD01531,FALSE
DOCD01532,TRUE
DOCD01533,FALSE
DOCD01534,TRUE
DOCD01535,FALSE
DOCD01536,TRUE
DOCD01537,FALSE
DOCD01538,TRUE
DOCD01539,FALSE
DOCD01540,TRUE
DOCD01541,FALSE
DOCD01542,FALSE
DOCD01543,FALSE
DOCD01544,TRUE
DOCD01545,FALSE
DOCD01546,TRUE
DOCD01547,TRUE
DOCD01548,FALSE
DOCD01549,TRUE
DOCD01550,FALSE
DOCD01551,TRUE
DOCD01552,FALSE
DOCD01553,TRUE
DOCD01554,FALSE
DOCD01555,TRUE
DOCD01556,FALSE
DOCD01557,TRUE
DOCD01558,FALSE
DOCD01559,TRUE
DOCD01560,FALSE
DOCD01561,TRUE
DOCD01562,FALSE
DOCD01563,FALSE
DOCD01564,FALSE
DOCD01565,TRUE
DOCD01566,FALSE
DOCD01567,TRUE
DOCD01568,TRUE
DOCD01569,FALSE
DOCD01570,TRUE
DOCD01571,FALSE
DOCD01572,TRUE
DOCD01573,FALSE
DOCD01574,TRUE
DOCD01575,FALSE
DOCD01576,TRUE
DOCD01577,FALSE
DOCD01578,TRUE
DOCD01579,FALSE
DOCD01580,TRUE
DOCD01581,FALSE
DOCD01582,TRUE
DOCD01583,FALSE
DOCD01584,FALSE
DOCD01585,FALSE
DOCD01586,TRUE
DOCD01587,FALSE
DOCD01588,TRUE
DOCD01589,TRUE
DOCD01590,FALSE
DOCD01591,TRUE
DOCD01592,FALSE
DOCD01593,TRUE
DOCD01594,FALSE
DOCD01595,TRUE
DOCD01596,FALSE
DOCD01597,TRUE
DOCD01598,FALSE
DOCD01599,TRUE
DOCD01600,FALSE
DOCD01601,TRUE
DOCD01602,FALSE
DOCD01603,TRUE
DOCD01604,FALSE
DOCD01605,FALSE
DOCD01606,FALSE
DOCD01607,TRUE
DOCD01608,FALSE
DOCD01609,TRUE
DOCD01610,TRUE
DOCD01611,FALSE
DOCD01612,TRUE
DOCD01613,FALSE
DOCD01614,TRUE
DOCD01615,FALSE
DOCD01616,TRUE
DOCD01617,FALSE
DOCD01618,TRUE
DOCD01619,FALSE
DOCD01620,TRUE
DOCD01621,FALSE
DOCD01622,TRUE
DOCD01623,FALSE
DOCD01624,TRUE
DOCD01625,FALSE
DOCD01626,FALSE
DOCD01627,FALSE
DOCD01628,TRUE
DOCD01629,FALSE
DOCD01630,TRUE
DOCD01631,TRUE
DOCD01632,FALSE
DOCD01633,TRUE
DOCD01634,FALSE
DOCD01635,TRUE
DOCD01636,FALSE
DOCD01637,TRUE
DOCD01638,FALSE
DOCD01639,TRUE
DOCD01640,FALSE
DOCD01641,TRUE
DOCD01642,FALSE
DOCD01643,TRUE
DOCD01644,FALSE
DOCD01645,TRUE
DOCD01646,FALSE
DOCD01647,FALSE
DOCD01648,FALSE
DOCD01649,TRUE
DOCD01650,FALSE
DOCD01651,TRUE
DOCD01652,TRUE
DOCD01653,FALSE
DOCD01654,TRUE
DOCD01655,FALSE
DOCD01656,TRUE
DOCD01657,FALSE
DOCD01658,TRUE
DOCD01659,FALSE
DOCD01660,TRUE
DOCD01661,FALSE
DOCD01662,TRUE
DOCD01663,FALSE
DOCD01664,TRUE
DOCD01665,FALSE
DOCD01666,TRUE
DOCD01667,FALSE
DOCD01668,FALSE
DOCD01669,FALSE
DOCD01670,TRUE
DOCD01671,FALSE
DOCD01672,TRUE
DOCD01673,TRUE
DOCD01674,FALSE
DOCD01675,TRUE
DOCD01676,FALSE
DOCD01677,TRUE
DOCD01678,FALSE
DOCD01679,TRUE
DOCD01680,FALSE
DOCD01681,TRUE
DOCD01682,FALSE
DOCD01683,TRUE
DOCD01684,FALSE
DOCD01685,TRUE
DOCD01686,FALSE
DOCD01687,TRUE
DOCD01688,FALSE
DOCD01689,FALSE
DOCD01690,FALSE
DOCD01691,TRUE
DOCD01692,FALSE
DOCD01693,TRUE
DOCD01694,TRUE
DOCD01695,FALSE
DOCD01696,TRUE
DOCD01697,FALSE
DOCD01698,TRUE
DOCD01699,FALSE
DOCD01700,TRUE
DOCD01701,FALSE
DOCD01702,TRUE
DOCD01703,FALSE
DOCD01704,TRUE
DOCD01705,FALSE
DOCD01706,TRUE
DOCD01707,FALSE
DOCD01708,TRUE
DOCD01709,FALSE
DOCD01710,FALSE
DOCD01711,FALSE
DOCD01712,TRUE
DOCD01713,FALSE
DOCD01714,TRUE
DOCD01715,TRUE
DOCD01716,FALSE
DOCD01717,TRUE
DOCD01718,FALSE
DOCD01719,TRUE
DOCD01720,FALSE
DOCD01721,TRUE
DOCD01722,FALSE
DOCD01723,TRUE
DOCD01724,FALSE
DOCD01725,TRUE
DOCD01726,FALSE
DOCD01727,TRUE
DOCD01728,FALSE
DOCD01729,TRUE
DOCD01730,FALSE
DOCD01731,FALSE
DOCD01732,FALSE
DOCD01733,TRUE
DOCD01734,FALSE
DOCD01735,TRUE
DOCD01736,TRUE
DOCD01737,FALSE
DOCD01738,TRUE
DOCD01739,FALSE
DOCD01740,TRUE
DOCD01741,FALSE
DOCD01742,TRUE
DOCD01743,FALSE
DOCD01744,TRUE
DOCD01745,FALSE
DOCD01746,TRUE
DOCD01747,FALSE
DOCD01748,TRUE
DOCD01749,FALSE
DOCD01750,TRUE
DOCD01751,FALSE
DOCD01752,FALSE
DOCD01753,FALSE
DOCD01754,TRUE
DOCD01755,FALSE
DOCD01756,TRUE
DOCD01757,TRUE
DOCD01758,FALSE
DOCD01759,TRUE
DOCD01760,FALSE
DOCD01761,TRUE
DOCD01762,FALSE
DOCD01763,TRUE
DOCD01764,FALSE
DOCD01765,TRUE
DOCD01766,FALSE
DOCD01767,TRUE
DOCD01768,FALSE
DOCD01769,TRUE
DOCD01770,FALSE
DOCD01771,TRUE
DOCD01772,FALSE
DOCD01773,FALSE
DOCD01774,FALSE
DOCD01775,TRUE
DOCD01776,FALSE
DOCD01777,TRUE
DOCD01778,TRUE
DOCD01779,FALSE
DOCD01780,TRUE
DOCD01781,FALSE
DOCD01782,TRUE
DOCD01783,FALSE
DOCD01784,TRUE
DOCD01785,FALSE
DOCD01786,TRUE
DOCD01787,FALSE
DOCD01788,TRUE
DOCD01789,FALSE
DOCD01790,TRUE
DOCD01791,FALSE
DOCD01792,TRUE
DOCD01793,FALSE
DOCD01794,FALSE
DOCD01795,FALSE
DOCD01796,TRUE
DOCD01797,FALSE
DOCD01798,TRUE
DOCD01799,TRUE
DOCD01800,FALSE
DOCD01801,TRUE
DOCD01802,FALSE
DOCD01803,TRUE
DOCD01804,FALSE
DOCD01805,TRUE
DOCD01806,FALSE
DOCD01807,TRUE
DOCD01808,FALSE
DOCD01809,TRUE
DOCD01810,FALSE
DOCD01811,TRUE
DOCD01812,FALSE
DOCD01813,TRUE
DOCD01814,FALSE
DOCD01815,FALSE
DOCD01816,FALSE
DOCD01817,TRUE
DOCD01818,FALSE
DOCD01819,TRUE
DOCD01820,TRUE
DOCD01821,FALSE
DOCD01822,TRUE
DOCD01823,FALSE
DOCD01824,TRUE
DOCD01825,FALSE
DOCD01826,TRUE
DOCD01827,FALSE
DOCD01828,TRUE
DOCD01829,FALSE
DOCD01830,TRUE
DOCD01831,FALSE
DOCD01832,TRUE
DOCD01833,FALSE
DOCD01834,TRUE
DOCD01835,FALSE
DOCD01836,FALSE
DOCD01837,FALSE
DOCD01838,TRUE
DOCD01839,FALSE
DOCD01840,TRUE
DOCD01841,TRUE
DOCD01842,FALSE
DOCD01843,TRUE
DOCD01844,FALSE
DOCD01845,TRUE
DOCD01846,FALSE
DOCD01847,TRUE
DOCD01848,FALSE
DOCD01849,TRUE
DOCD01850,FALSE
DOCD01851,TRUE
DOCD01852,FALSE
DOCD01853,TRUE
DOCD01854,FALSE
DOCD01855,TRUE
DOCD01856,FALSE
DOCD01857,FALSE
DOCD01858,FALSE
DOCD01859,TRUE
DOCD01860,FALSE
DOCD01861,TRUE
DOCD01862,TRUE
DOCD01863,FALSE
DOCD01864,TRUE
DOCD01865,FALSE
DOCD01866,TRUE
DOCD01867,FALSE
DOCD01868,TRUE
DOCD01869,FALSE
DOCD01870,TRUE
DOCD01871,FALSE
DOCD01872,TRUE
DOCD01873,FALSE
DOCD01874,TRUE
DOCD01875,FALSE
DOCD01876,TRUE
DOCD01877,FALSE
DOCD01878,FALSE
DOCD01879,FALSE
DOCD01880,TRUE
DOCD01881,FALSE
DOCD01882,TRUE
DOCD01883,TRUE
DOCD01884,FALSE
DOCD01885,TRUE
DOCD01886,FALSE
DOCD01887,TRUE
DOCD01888,FALSE
DOCD01889,TRUE
DOCD01890,FALSE
DOCD01891,TRUE
DOCD01892,FALSE
DOCD01893,TRUE
DOCD01894,FALSE
DOCD01895,TRUE
DOCD01896,FALSE
DOCD01897,TRUE
DOCD01898,FALSE
DOCD01899,FALSE
DOCD01900,FALSE
DOCD01901,TRUE
DOCD01902,FALSE
DOCD01903,TRUE
DOCD01904,TRUE
DOCD01905,FALSE
DOCD01906,TRUE
DOCD01907,FALSE
DOCD01908,TRUE
DOCD01909,FALSE
DOCD01910,TRUE
DOCD01911,FALSE
DOCD01912,TRUE
DOCD01913,FALSE
DOCD01914,TRUE
DOCD01915,FALSE
DOCD01916,TRUE
DOCD01917,FALSE
DOCD01918,TRUE
DOCD01919,FALSE
DOCD01920,FALSE
DOCD01921,FALSE
DOCD01922,TRUE
DOCD01923,FALSE
DOCD01924,TRUE
DOCD01925,TRUE
DOCD01926,FALSE
DOCD01927,TRUE
DOCD01928,FALSE
DOCD01929,TRUE
DOCD01930,FALSE
DOCD01931,TRUE
DOCD01932,FALSE
DOCD01933,TRUE
DOCD01934,FALSE
DOCD01935,TRUE
DOCD01936,FALSE
DOCD01937,TRUE
DOCD01938,FALSE
DOCD01939,TRUE
DOCD01940,FALSE
DOCD01941,FALSE
DOCD01942,FALSE
DOCD01943,TRUE
DOCD01944,FALSE
DOCD01945,TRUE
DOCD01946,TRUE
DOCD01947,FALSE
DOCD01948,TRUE
DOCD01949,FALSE
DOCD01950,TRUE
DOCD01951,FALSE
DOCD01952,TRUE
DOCD01953,FALSE
DOCD01954,TRUE
DOCD01955,FALSE
DOCD01956,TRUE
DOCD01957,FALSE
DOCD01958,TRUE
DOCD01959,FALSE
DOCD01960,TRUE
DOCD01961,FALSE
DOCD01962,FALSE
DOCD01963,FALSE
DOCD01964,TRUE
DOCD01965,FALSE
DOCD01966,TRUE
DOCD01967,TRUE
DOCD01968,FALSE
DOCD01969,TRUE
DOCD01970,FALSE
DOCD01971,TRUE
DOCD01972,FALSE
DOCD01973,TRUE
DOCD01974,FALSE
DOCD01975,TRUE
DOCD01976,FALSE
DOCD01977,TRUE
DOCD01978,FALSE
DOCD01979,TRUE
DOCD01980,FALSE
DOCD01981,TRUE
DOCD01982,FALSE
DOCD01983,FALSE
DOCD01984,FALSE
DOCD01985,TRUE
DOCD01986,FALSE
DOCD01987,TRUE
DOCD01988,TRUE
DOCD01989,FALSE
DOCD01990,TRUE
DOCD01991,FALSE
DOCD01992,TRUE
DOCD01993,FALSE
DOCD01994,TRUE
DOCD01995,FALSE
DOCD01996,TRUE
DOCD01997,FALSE
DOCD01998,TRUE
DOCD01999,FALSE
DOCD02000,TRUE
DOCD02001,FALSE
DOCD02002,TRUE
DOCD02003,FALSE
DOCD02004,FALSE
DOCD02005,FALSE
DOCD02006,TRUE
DOCD02007,FALSE
DOCD02008,TRUE
DOCD02009,TRUE
DOCD02010,FALSE
DOCD02011,TRUE
DOCD02012,FALSE
DOCD02013,TRUE
DOCD02014,FALSE
DOCD02015,TRUE
DOCD02016,FALSE
DOCD02017,TRUE
DOCD02018,FALSE
DOCD02019,TRUE
DOCD02020,FALSE
DOCD02021,TRUE
DOCD02022,FALSE
DOCD02023,TRUE
DOCD02024,FALSE
DOCD02025,FALSE
DOCD02026,FALSE
DOCD02027,TRUE
DOCD02028,FALSE
DOCD02029,TRUE
DOCD02030,TRUE
DOCD02031,FALSE
DOCD02032,TRUE
DOCD02033,FALSE
DOCD02034,TRUE
DOCD02035,FALSE
DOCD02036,TRUE
DOCD02037,FALSE
DOCD02038,TRUE
DOCD02039,FALSE
DOCD02040,TRUE
DOCD02041,FALSE
DOCD02042,TRUE
DOCD02043,FALSE
DOCD02044,TRUE
DOCD02045,FALSE
DOCD02046,FALSE
DOCD02047,FALSE
DOCD02048,TRUE
DOCD02049,FALSE
DOCD02050,TRUE
DOCD02051,TRUE
DOCD02052,FALSE
DOCD02053,TRUE
DOCD02054,FALSE
DOCD02055,TRUE
DOCD02056,FALSE
DOCD02057,TRUE
DOCD02058,FALSE
DOCD02059,TRUE
DOCD02060,FALSE
DOCD02061,TRUE
DOCD02062,FALSE
DOCD02063,TRUE
DOCD02064,FALSE
DOCD02065,TRUE
DOCD02066,FALSE
DOCD02067,FALSE
DOCD02068,FALSE
DOCD02069,TRUE
DOCD02070,FALSE
DOCD02071,TRUE
DOCD02072,TRUE
DOCD02073,FALSE
DOCD02074,TRUE
DOCD02075,FALSE
DOCD02076,TRUE
DOCD02077,FALSE
DOCD02078,TRUE
DOCD02079,FALSE
DOCD02080,TRUE
DOCD02081,FALSE
DOCD02082,TRUE
DOCD02083,FALSE
DOCD02084,TRUE
DOCD02085,FALSE
DOCD02086,TRUE
DOCD02087,FALSE
DOCD02088,FALSE
DOCD02089,FALSE
DOCD02090,TRUE
DOCD02091,FALSE
DOCD02092,TRUE
DOCD02093,TRUE
DOCD02094,FALSE
DOCD02095,TRUE
DOCD02096,FALSE
DOCD02097,TRUE
DOCD02098,FALSE
DOCD02099,TRUE
DOCD02100,FALSE
DOCD02101,TRUE
DOCD02102,FALSE
DOCD02103,TRUE
DOCD02104,FALSE
DOCD02105,TRUE
DOCD02106,FALSE
DOCD02107,TRUE
DOCD02108,FALSE
DOCD02109,FALSE
DOCD02110,FALSE
DOCD02111,TRUE
DOCD02112,FALSE
DOCD02113,TRUE
DOCD02114,TRUE
DOCD02115,FALSE
DOCD02116,TRUE
DOCD02117,FALSE
DOCD02118,TRUE
DOCD02119,FALSE
DOCD02120,TRUE
DOCD02121,FALSE
DOCD02122,TRUE
DOCD02123,FALSE
DOCD02124,TRUE
DOCD02125,FALSE
DOCD02126,TRUE
DOCD02127,FALSE
DOCD02128,TRUE
DOCD02129,FALSE
DOCD02130,FALSE
DOCD02131,FALSE
DOCD02132,TRUE
DOCD02133,FALSE
DOCD02134,TRUE
DOCD02135,TRUE
DOCD02136,FALSE
DOCD02137,TRUE
DOCD02138,FALSE
DOCD02139,TRUE
DOCD02140,FALSE
DOCD02141,TRUE
DOCD02142,FALSE
DOCD02143,TRUE
DOCD02144,FALSE
DOCD02145,TRUE
DOCD02146,FALSE
DOCD02147,TRUE
DOCD02148,FALSE
DOCD02149,TRUE
DOCD02150,FALSE
DOCD02151,FALSE
DOCD02152,FALSE
DOCD02153,TRUE
DOCD02154,FALSE
DOCD02155,TRUE
DOCD02156,TRUE
DOCD02157,FALSE
DOCD02158,TRUE
DOCD02159,FALSE
DOCD02160,TRUE
DOCD02161,FALSE
DOCD02162,TRUE
DOCD02163,FALSE
